Variant	Range	Gene	Comment
p.Glu746_Ala750del		EGFR	EXON 19 DELETION
p.Leu747_Thr751del		EGFR	EXON 19 DELETION
p.Leu747_Pro753delinsSer		EGFR	EXON 19 DELETION
p.Glu746_Ser752delinsVal		EGFR	EXON 19 DELETION
p.Leu747_Ala750delinsPro		EGFR	EXON 19 DELETION
p.Glu746_Pro753delinsValSer		EGFR	EXON 19 DELETION
p.Ser752_Ile759del		EGFR	EXON 19 DELETION
p.Leu747_Glu749del		EGFR	EXON 19 DELETION
p.Leu747_Ser752del		EGFR	EXON 19 DELETION
p.Ala750_Ile759delinsProSer		EGFR	EXON 19 DELETION
p.Thr751_Ile759delinsAsn		EGFR	EXON 19 DELETION

p.Tyr772_Ala775dup		ERBB2	EXON 20 INSERTION

	chr7:116411708_116412142	MET	EXON 14 SKIPPING MUTATION
